{
    "name": "root",
    "gauges": {
        "MoveToGoal.Policy.Entropy.mean": {
            "value": 0.6488195061683655,
            "min": 0.6488195061683655,
            "max": 1.2063939571380615,
            "count": 26
        },
        "MoveToGoal.Policy.Entropy.sum": {
            "value": 6488.1953125,
            "min": 6488.1953125,
            "max": 12146.9306640625,
            "count": 26
        },
        "MoveToGoal.Environment.EpisodeLength.mean": {
            "value": 171.16071428571428,
            "min": 84.62962962962963,
            "max": 241.0,
            "count": 26
        },
        "MoveToGoal.Environment.EpisodeLength.sum": {
            "value": 9585.0,
            "min": 4570.0,
            "max": 12291.0,
            "count": 26
        },
        "MoveToGoal.Step.mean": {
            "value": 369990.0,
            "min": 119961.0,
            "max": 369990.0,
            "count": 26
        },
        "MoveToGoal.Step.sum": {
            "value": 369990.0,
            "min": 119961.0,
            "max": 369990.0,
            "count": 26
        },
        "MoveToGoal.Policy.ExtrinsicValueEstimate.mean": {
            "value": 2.3219072818756104,
            "min": 1.6161407232284546,
            "max": 2.4400479793548584,
            "count": 26
        },
        "MoveToGoal.Policy.ExtrinsicValueEstimate.sum": {
            "value": 427.2309265136719,
            "min": 218.328369140625,
            "max": 448.96881103515625,
            "count": 26
        },
        "MoveToGoal.Environment.CumulativeReward.mean": {
            "value": 7.967857277552996,
            "min": 4.425925962350987,
            "max": 9.1128207064974,
            "count": 26
        },
        "MoveToGoal.Environment.CumulativeReward.sum": {
            "value": 446.2000075429678,
            "min": 239.00000196695328,
            "max": 483.0000077486038,
            "count": 26
        },
        "MoveToGoal.Policy.ExtrinsicReward.mean": {
            "value": 7.967857277552996,
            "min": 4.425925962350987,
            "max": 9.1128207064974,
            "count": 26
        },
        "MoveToGoal.Policy.ExtrinsicReward.sum": {
            "value": 446.2000075429678,
            "min": 239.00000196695328,
            "max": 483.0000077486038,
            "count": 26
        },
        "MoveToGoal.Losses.PolicyLoss.mean": {
            "value": 0.24181195421460366,
            "min": 0.23755195241549767,
            "max": 0.25286862185130465,
            "count": 26
        },
        "MoveToGoal.Losses.PolicyLoss.sum": {
            "value": 17.894084611880672,
            "min": 10.95172805362253,
            "max": 19.218015260699154,
            "count": 26
        },
        "MoveToGoal.Losses.ValueLoss.mean": {
            "value": 0.05314689175455424,
            "min": 0.035461676848998765,
            "max": 0.07007869494657368,
            "count": 26
        },
        "MoveToGoal.Losses.ValueLoss.sum": {
            "value": 3.932869989837014,
            "min": 2.6596257636749074,
            "max": 5.255902120993026,
            "count": 26
        },
        "MoveToGoal.Policy.LearningRate.mean": {
            "value": 8.09784892234108e-05,
            "min": 8.09784892234108e-05,
            "max": 0.0002298402233866,
            "count": 26
        },
        "MoveToGoal.Policy.LearningRate.sum": {
            "value": 0.005992408202532399,
            "min": 0.005992408202532399,
            "max": 0.0170986783004412,
            "count": 26
        },
        "MoveToGoal.Policy.Epsilon.mean": {
            "value": 0.12699280540540545,
            "min": 0.12699280540540545,
            "max": 0.17661340000000003,
            "count": 26
        },
        "MoveToGoal.Policy.Epsilon.sum": {
            "value": 9.397467600000002,
            "min": 7.770989600000001,
            "max": 13.2995588,
            "count": 26
        },
        "MoveToGoal.Policy.Beta.mean": {
            "value": 0.0005000000000000001,
            "min": 0.0005,
            "max": 0.0005000000000000001,
            "count": 26
        },
        "MoveToGoal.Policy.Beta.sum": {
            "value": 0.037000000000000005,
            "min": 0.022000000000000002,
            "max": 0.038000000000000006,
            "count": 26
        },
        "MoveToGoal.IsTraining.mean": {
            "value": 1.0,
            "min": 1.0,
            "max": 1.0,
            "count": 26
        },
        "MoveToGoal.IsTraining.sum": {
            "value": 1.0,
            "min": 1.0,
            "max": 1.0,
            "count": 26
        }
    },
    "metadata": {
        "timer_format_version": "0.1.0",
        "start_time_seconds": "1706204498",
        "python_version": "3.10.12 | packaged by Anaconda, Inc. | (main, Jul  5 2023, 19:01:18) [MSC v.1916 64 bit (AMD64)]",
        "command_line_arguments": "C:\\Users\\Pablo\\miniconda3\\envs\\mlagents\\Scripts\\mlagents-learn config/moveToGoalAgent.yaml --run-id=MoveToGoalBrain --resume",
        "mlagents_version": "1.0.0",
        "mlagents_envs_version": "1.0.0",
        "communication_protocol_version": "1.5.0",
        "pytorch_version": "2.1.2+cpu",
        "numpy_version": "1.23.5",
        "end_time_seconds": "1706204981"
    },
    "total": 482.038100100006,
    "count": 1,
    "self": 0.005458600004203618,
    "children": {
        "run_training.setup": {
            "total": 0.08329890004824847,
            "count": 1,
            "self": 0.08329890004824847
        },
        "TrainerController.start_learning": {
            "total": 481.9493425999535,
            "count": 1,
            "self": 0.3398159926291555,
            "children": {
                "TrainerController._reset_env": {
                    "total": 23.505450600059703,
                    "count": 1,
                    "self": 23.505450600059703
                },
                "TrainerController.advance": {
                    "total": 458.0271884072572,
                    "count": 17460,
                    "self": 0.31833318958524615,
                    "children": {
                        "env_step": {
                            "total": 166.18569671176374,
                            "count": 17460,
                            "self": 154.57899861433543,
                            "children": {
                                "SubprocessEnvManager._take_step": {
                                    "total": 11.403888097964227,
                                    "count": 17460,
                                    "self": 0.9554587932070717,
                                    "children": {
                                        "TorchPolicy.evaluate": {
                                            "total": 10.448429304757155,
                                            "count": 16414,
                                            "self": 10.448429304757155
                                        }
                                    }
                                },
                                "workers": {
                                    "total": 0.20280999946407974,
                                    "count": 17459,
                                    "self": 0.0,
                                    "children": {
                                        "worker_root": {
                                            "total": 395.829165107687,
                                            "count": 17459,
                                            "is_parallel": true,
                                            "self": 323.90535210748203,
                                            "children": {
                                                "steps_from_proto": {
                                                    "total": 0.0009701000526547432,
                                                    "count": 1,
                                                    "is_parallel": true,