{"count":1,"self":12.164235999999999,"total":106.0391731,"children":{"InitializeActuators":{"count":16,"self":0.0009971,"total":0.0009971,"children":null},"InitializeSensors":{"count":16,"self":0.00099739999999999985,"total":0.00099739999999999985,"children":null},"AgentSendState":{"count":20884,"self":0.18318769999999998,"total":0.6419554,"children":{"CollectObservations":{"count":66832,"self":0.0621223,"total":0.0621223,"children":null},"WriteActionMask":{"count":66832,"self":0.0212492,"total":0.0212492,"children":null},"RequestDecision":{"count":66832,"self":0.12120829999999999,"total":0.37539619999999996,"children":{"AgentInfo.ToProto":{"count":66832,"self":0.1005344,"total":0.25418789999999997,"children":{"GenerateSensorData":{"count":66832,"self":0.1536535,"total":0.1536535,"children":null}}}}}}},"DecideAction":{"count":20884,"self":92.844799999999992,"total":92.8448011,"children":null},"AgentAct":{"count":20884,"self":0.36524449999999997,"total":0.36524449999999997,"children":null},"AgentInfo.ToProto":{"count":1300,"self":0.0069863999999999994,"total":0.0209419,"children":{"GenerateSensorData":{"count":1300,"self":0.0139555,"total":0.0139555,"children":null}}}},"gauges":{"MoveToGoal.CumulativeReward":{"count":1300,"max":1,"min":-1,"runningAverage":0.163077116,"value":1,"weightedAverage":0.9999999}},"metadata":{"timer_format_version":"0.1.0","start_time_seconds":"1705986674","unity_version":"2022.3.11f1","command_line_arguments":"D:\\Programas\\Unity\\2022.3.11f1\\Editor\\Unity.exe -projectpath D:\\Documentos\\Github\\Repos\\MLAgents-WFC_map -useHub -hubIPC -cloudEnvironment production -licensingIpc LicenseClient-Pablo -hubSessionId 0af759ff-5e82-4a66-a976-e23f853480fe -accessToken HIihyLWKVU6nXBfy18D-SP-nfl_KEbkVw-GnLbYTipw006f","communication_protocol_version":"1.5.0","com.unity.ml-agents_version":"2.0.1","scene_name":"SampleScene","end_time_seconds":"1705986780"}}